Martina Holá;51
Jana Jemelíková;86
Alena Škorvagová;25
Štěpán Bušek;71
Lubomír Culka;39
Michaela Klapková;30
Lukáš Žoldák;44
Stanislava Randysová;47
Milan Podolák;16
Halina Kroužilová;57
Petra Zarevúcka;61
František Petrák;57
Irena Brodská;80
Lenka Durkáčová;47
Juraj Krňanský;46
David Pěček;73
Jaroslav Belán;78
Pavel Průša;14
Marcela Šedová;65
Josef Uher;74
Miloš Hlavoň;63
Věra Šerých;93
Dagmar Bartáková;35
Tereza Mynaříková;87
Marie Hocká;60
Jan Sýkora;61
Richard Smutný;79
Miroslav Musil;38
Pavla Hawliczková;70
Hana Štolfová;28
Petr Hevera;28
Yvona Antoníčková;50
Jiří Kánský;59
Ludmila Ježová;63
Zdeňka Kučerová;57
Václav Flegel;96
Veronika Řehořová;55
Jozef Beneš;43
Stanislav Viterna;39
Martin Hubáček;92
Karel Lukášek;36
Iveta Čiháková;23
Lucie Janečková;56
Mykola Jánek;44
Peter Pánek;66
Štefánia Badalová;72
Vojtěch Valenta;27
Dana Krátká;99
Tomáš Votípka;68
Adéla Šídlová;100
Ivana Čtvrtečková;26
Anna Vavřichová;30
Milena Junová;90
Kateřina Šmahelová;92
Iva Coxová;34
Michael Galia;91
Eva Součková;25
Helena Mušková;31
Michal Špiroch;82
Zdeněk Kubánek;28
Vladimír Rybníček;100
Andrzej Volf;11
Aneta Němcová;96
Aleš Špinar;87
Ladislav Kováč;61
Roman Kožušník;85
Jarmila Coblová;19
Jakub Houfek;98
Antonín Pomezný;36
Daniela Lauberová;28
Petr Václav Šnyrych;17
Milada Průšová;24
Jaroslava Šlosarová;28
Miloslav Chrpa;34
Marek Drbohlav;52
Sára Kříčková;32
Monika Fousková;67
Anežka Dostálková;21
Růžena Skalová;31
Tetyana Richterová;22
Pavlína Kolaříková;99
Olga Nováková;22
Ján Bříza;84
Marta Vejborová;33
Natálie Gažíková;61
Nina Rašková;18
Jitka Mudrlová;75
Zuzana Kalvachová;68
Denisa Střelková;72
Diana Siváková;52
Bohuslav Hruška;64
Daniel Janouch;84
Estera Třísková;74
Eliška Salvová;64
Bořivoj Slezák;52
Ondřej Švantner;51
Miroslava Frolichová;81
Božena Pietrová;78
Jiřina Uhrová;94
Markéta Jiráková;58
Pavel Macek;43
David Ligocký;27
Marie Hrbková;23
Karel Křivánek;97
Miroslav Nguyen;72
Josef Líbal;68
Eva Krátká;36
Alexei Bohata;56
Petra Bejblová;35
Jiří Votruba;89
Michaela Coufalová;34
Vendula Jezberová;62
Vít Fuks;72
Anežka Knápková;34
František Popiolek;44
Petr Duna;25
Anatoly Gabriel;39
Zuzana Kolářová;37
Václav Zdražil;87
Jaroslav Hausner;72
Šárka Barešová;100
Jarmila Tilingerová;76
Kurt Sedlář;59
Drahomíra Sejrková;34
Jana Stehlíková;33
Zdeněk Frýdek;48
Jakub Novotný;26
Veronika Korecká;24
Jan Pavlov;95
Ladislav Benš;60
Hana Luhová;46
Šimon Horváth;10
Stanislav Jeřábek;33
Renata Řežábková;54
Ludmila Baťková;37
Iva Boušová;75
Anna Kabelková;70
Luboš Smital;62
Jitka Rožníčková;75
Marta Nováková;16
Jindřich Hyneš;58
Lenka Káninská;21
Vojtěch Horáček;28
Oldřich Dubový;47
Věra Zatloukalová;78
Aleš Krupka;18
Miluše Podnecká;81
Adriana Zsambová;11
Kateřina Špánková;47
Martin Polach;37
Milan Petržela;93
Ida Králíčková;38
Tomáš Zimák;16
Jindřiška Hofmanová;64
Michal Mikuláš;45
Iveta Vrzáčková;64
Dalibor Fišar;97
Vladimír Doležal;58
Lumír Buchner;42
Marcela Orlíková;71
Jaroslava Čížková;90
Jiřina Matějková;36
Tereza Pospíšilová;36
Martina Korbelová;45
Alena Knorová;84
Magdaléna Bělíková;26
Anděla Stuchlíková;33
Kristine Franziska Kábelová;62
Helena Beránková;59
Alois Šebor;45
Božena Kadeřábková;79
Elfrieda Blinková;81
Stanislava Kopřivová;63
Libuše Koláčková;90
Patrik Štěpánek;66
Filip Štěpán;33
Karolína Juhasová;89
Radek Pátek;26
Vlastimil Cerman;91
Antonín Kolbábek;82
Monika Hložková;92
Kristýna Vitoušová;64
Klaudie Hanzálková;50
Lucie Adamcová;20
Soňa Polívková;61
Roman Sachr;25
Růžena Steffanová;75
Libor Kotrba;55
Klára Hronová;34
Zděnka Stuchlá;35
Lukáš Maňák;52
Blanka Vykydalová;59
Phuong Ton;65
Luděk Schovánek;77
Markéta Votrubová;43
Romana Štosková;30
Ondřej Fiala;96
Květoslava Marková;16
Bohuslav Marić;13
Aneška Stříbrská;93
Tomáš Krnáč;35
Anežka Sochorková;24
Irena Trousilová;72
Jaroslava Ledecká;68
Lenka Hamplová;100
Agim Franc;27
Jana Chmelíková;99
Barbora Kostelková;17
Štěpán Pítr;39
Milan Zdráhal;68
Jaromír Pszczolka;18
Roman Jaňour;26
Pavel Langer;89
Miloslav Franek;23
Iveta Beranová;42
Marie Juklová;39
Jitka Mikudová;74
Eva Karfusová;89
Miroslav Krága;81
Věra Fillová;93
Petra Hanzalová;80
Josef Račan;79
František Gregor;67
Jiří Eschler;58
Bohumil Paksi;30
Růžena Kozáková;62
Bohuslava Pospíšilová;52
Hana Čapková;86
Martin Bukovjan;29
Jan Dolejš;44
Petr Vidmuch;58
Vítězslav Musálek;34
Václav Hornaj;48
Michal Piller;94
Jaroslav Mrázek;48
Dominika Oračková;62
Ida Korosová;60
Nela Galgonková;61
Zdeněk Orálek;100
Jakub Kolařík;25
Božena Koláčková;66
Matyáš Urban;38
Veronika Havlíková;71
Vladislav Honeš;68
Ivan Rus;73
Gabriela Václavková;70
Emil Bogáň;47
Miroslava Strnadová;40
Myroslav Mlynář;82
Aleš Vlasák;77
Dominik Delong;88
Vasyl Kubát;90
Zdenka Bardyová;49
Lucie Telvaková;93
Ngoc Tuong Obšel;30
Denisa Mertlová;37
Patrik Kaplita;18
Alena Duchatschová;89
Anna Horáková;45
Karel Trnka;19
Vladimír Dolák;53
Milada Hladká;66
Marek Zeman;45
David Petroš;48
Monika Svobodová;85
Lubomír Červený;90
Ludmila Chlumecká;96
Pavlína Stejskalová;90
Yvona Folková;70
Eliška Hinnerová;18
Kateřina Hrdá;69
Lukáš Dobeš;96
Libuše Buryšková;37
Ondřej Návara;21
Martina Rytířová;16
Zdeňka Koutná;46
Tereza Hubená;36
Robert Bořil;82
Adalbert Šílený;59
Julie Homolová;92
Klára Chludová;21
Filoména Bulíčková;38
Pavol Konštacký;94
Michaela Michálková;18
Judita Těšínská;41
Silvia Stránská;54
Ladislav Baník;12
Jarmila Molíková;35
Oldřich Kouba;92
Vlasta Hančlová;70
Zdena Hojná;94
Oleksandr Kotrla;14
Antonie Sukdolová;48
Kristýna Hofmanová;42
Viola Vopatová;42
Nikola Milfaitová;16
Vendula Dobešová;36
Bohuslav Král;85
Pavla Dvořáková;64
Bedřiška Piterková;65
Vojtěch Škoda;95
Pan Tau;2005
